{"roc_auc": 0.520403685827117, "pr_auc": 0.5068869946643295, "precision": 0.49056603773584906, "recall": 0.6046511627906976, "f1": 0.5416666666666666, "threshold": 0.5}