{"roc_auc": 0.9984932613140626, "pr_auc": 0.9984666283100616, "precision": 0.9710659898477157, "recall": 0.9901656314699793, "f1": 0.9805228088159919, "threshold": 0.5}