{"roc_auc": 0.5003625815808557, "pr_auc": 0.08183282882531003, "precision": 0.03333333333333333, "recall": 0.42857142857142855, "f1": 0.061855670103092786, "threshold": 0.5}