{"roc_auc": 0.9719887955182074, "pr_auc": 0.8276738245524647, "precision": 0.6067415730337079, "recall": 0.7941176470588235, "f1": 0.6878980891719745, "threshold": 0.5}